mtk,inggris,agama,fisika,kimia,biologi,ekonomi,minat_teknik,minat_kesehatan,minat_bisnis,minat_pendidikan,hafalan,prodi
97,81,77,64,58,69,61,5,3,3,3,0,S1 Informatika
90,77,79,55,58,70,50,4,3,1,3,0,S1 Informatika
98,91,79,56,62,55,55,4,3,3,3,0,S1 Informatika
67,77,73,57,99,90,60,2,4,2,2,0,S1 Farmasi
84,68,80,87,52,64,66,5,2,3,2,0,S1 Teknik Elektro
74,64,78,57,58,79,80,2,1,5,1,0,S1 Agribisnis
94,67,77,61,51,60,93,2,2,5,3,0,S1 Akuntansi
61,98,80,62,63,70,64,3,2,3,4,0,S1 Pendidikan Bahasa Inggris
90,79,70,85,70,69,59,4,2,1,1,0,S1 Teknik Elektro
79,85,70,50,58,70,61,2,2,1,4,0,S1 Pendidikan Bahasa Inggris
60,63,81,69,75,82,62,5,1,1,1,0,S1 Teknologi Hasil Pertanian
76,78,71,60,51,67,51,1,2,3,4,0,S1 PGSD
89,62,71,62,64,59,92,3,1,5,3,0,S1 Akuntansi
64,88,75,60,68,59,52,1,2,3,4,0,S1 Pendidikan Bahasa Inggris
76,78,94,63,66,52,55,1,3,2,3,1,S1 Studi Islam Interdisipliner
67,72,79,67,51,86,78,2,3,4,1,0,S1 Agribisnis
82,77,75,93,54,65,69,5,3,1,3,0,S1 Teknik Elektro
83,63,70,61,67,57,87,2,3,4,2,0,S1 Akuntansi
89,70,71,53,54,66,99,1,2,5,3,0,S1 Akuntansi
65,64,91,61,67,60,55,2,3,1,3,1,S1 Studi Islam Interdisipliner
67,76,81,54,51,84,89,3,2,4,3,0,S1 Agribisnis
76,60,85,53,53,82,78,2,2,3,1,0,S1 Agribisnis
86,75,79,51,54,60,90,1,1,4,3,0,S1 Manajemen
73,67,92,68,66,61,50,1,1,2,3,1,S1 Studi Islam Interdisipliner
64,69,71,62,70,57,63,3,1,2,4,0,S1 PGSD
88,77,73,91,54,60,50,5,1,1,2,0,S1 Teknik Elektro
85,71,85,62,60,57,85,1,3,5,1,0,S1 Manajemen
64,77,82,52,99,79,65,1,5,1,1,0,S1 Farmasi
78,70,75,65,69,57,58,1,1,3,5,0,S1 PGSD
61,88,81,54,70,50,60,3,2,3,4,0,S1 Pendidikan Bahasa Inggris
70,78,96,50,55,52,64,3,3,1,2,0,S1 Studi Islam Interdisipliner
80,78,93,50,68,51,70,1,3,3,2,1,S1 Studi Islam Interdisipliner
65,90,71,66,54,69,50,3,2,1,4,0,S1 Pendidikan Bahasa Inggris
79,63,77,62,51,60,89,1,1,4,2,0,S1 Manajemen
78,76,72,69,50,58,88,2,3,4,3,0,S1 Manajemen
72,77,85,54,76,71,65,3,2,3,2,0,S1 Teknologi Hasil Pertanian
66,70,70,64,56,94,88,3,3,3,1,0,S1 Agribisnis
92,90,80,51,64,60,66,5,1,2,2,0,S1 Informatika
73,79,79,70,80,85,60,3,3,2,2,0,S1 Teknologi Hasil Pertanian
66,88,74,69,63,59,70,1,1,2,4,0,S1 Pendidikan Bahasa Inggris
89,70,84,88,50,55,63,4,1,1,3,0,S1 Teknik Elektro
70,65,79,57,75,90,53,3,3,1,2,0,S1 Teknologi Hasil Pertanian
78,70,72,64,52,53,81,3,2,4,3,0,S1 Manajemen
81,89,84,64,58,70,65,4,2,2,3,0,S1 Informatika
64,73,78,70,59,52,60,2,3,3,4,0,S1 PGSD
75,78,100,53,58,65,63,3,2,1,1,1,S1 Studi Islam Interdisipliner
64,63,78,55,51,64,67,2,2,1,5,0,S1 PGSD
80,64,80,58,66,62,50,2,3,3,4,0,S1 PGSD
98,88,79,60,51,66,69,4,3,3,3,0,S1 Informatika
76,76,77,60,65,92,86,1,1,5,1,0,S1 Agribisnis
71,77,77,61,66,51,55,3,2,3,4,0,S1 PGSD
88,92,70,54,63,70,68,4,1,2,1,0,S1 Informatika
70,100,76,56,59,50,55,3,2,1,4,0,S1 Pendidikan Bahasa Inggris
74,65,72,58,50,92,85,3,3,3,3,0,S1 Agribisnis
73,77,81,66,52,86,79,1,3,3,1,0,S1 Agribisnis
80,76,73,52,63,61,98,1,3,4,3,0,S1 Akuntansi
84,75,83,98,60,66,57,4,2,1,2,0,S1 Teknik Elektro
65,60,82,53,67,92,79,2,2,5,1,0,S1 Agribisnis
92,74,83,62,70,55,99,2,2,5,1,0,S1 Akuntansi
66,68,72,56,50,92,80,1,1,5,2,0,S1 Agribisnis
68,79,84,52,62,63,54,3,2,1,4,0,S1 PGSD
72,73,73,53,87,75,68,3,2,2,1,0,S1 Teknologi Hasil Pertanian
87,81,77,60,66,69,55,5,2,3,2,0,S1 Informatika
73,95,81,57,54,58,57,1,3,3,5,0,S1 Pendidikan Bahasa Inggris
85,71,82,61,67,68,96,3,3,4,3,0,S1 Akuntansi
87,79,84,69,57,62,52,5,3,2,1,0,S1 Informatika
68,69,84,59,55,95,89,2,2,3,1,0,S1 Agribisnis
79,80,98,64,62,70,53,2,3,1,2,1,S1 Studi Islam Interdisipliner
80,75,83,61,63,69,53,1,2,3,4,0,S1 PGSD
79,62,81,65,84,90,52,3,2,3,1,0,S1 Teknologi Hasil Pertanian
60,79,83,61,74,82,65,4,3,3,2,0,S1 Teknologi Hasil Pertanian
85,74,78,50,69,62,96,3,1,4,3,0,S1 Manajemen
61,61,74,56,97,84,52,2,5,2,1,0,S1 Farmasi
61,89,81,53,58,69,57,1,3,3,5,0,S1 Pendidikan Bahasa Inggris
84,74,83,58,58,65,85,3,3,4,1,0,S1 Akuntansi
80,76,83,56,96,87,63,2,4,3,1,0,S1 Farmasi
62,60,74,61,50,65,55,1,3,3,4,0,S1 PGSD
78,63,80,53,77,89,62,5,1,3,1,0,S1 Teknologi Hasil Pertanian
63,77,76,63,50,68,62,3,2,3,4,0,S1 PGSD
63,74,76,58,52,78,79,1,2,4,1,0,S1 Agribisnis
74,75,70,62,65,64,57,3,2,3,5,0,S1 PGSD
72,73,79,52,63,51,65,3,1,3,5,0,S1 PGSD
61,93,74,59,65,59,55,2,2,1,4,0,S1 Pendidikan Bahasa Inggris
95,75,75,67,69,67,61,5,2,2,2,0,S1 Informatika
95,76,83,65,61,55,69,5,1,2,3,0,S1 Informatika
79,75,81,59,65,85,89,2,1,5,1,0,S1 Agribisnis
79,78,76,92,51,66,50,5,1,3,3,0,S1 Teknik Elektro
61,64,72,59,87,78,61,2,4,3,2,0,S1 Farmasi
86,83,83,69,68,66,59,5,2,1,1,0,S1 Informatika
62,78,90,70,57,55,68,2,2,1,2,0,S1 Studi Islam Interdisipliner
66,72,82,50,64,75,89,3,3,3,1,0,S1 Agribisnis
72,75,83,51,57,84,80,2,2,3,2,0,S1 Agribisnis
66,67,98,65,60,58,54,1,1,3,2,1,S1 Studi Islam Interdisipliner
86,78,70,82,69,67,53,4,2,2,3,0,S1 Teknik Elektro
71,87,72,60,69,64,57,1,1,3,5,0,S1 Pendidikan Bahasa Inggris
87,75,73,57,56,51,70,4,2,2,3,0,S1 Informatika
79,70,82,56,97,84,67,1,5,2,3,0,S1 Farmasi
84,66,83,65,64,61,98,1,2,5,3,0,S1 Manajemen
68,76,73,68,86,89,67,3,4,2,3,0,S1 Farmasi
84,61,76,88,59,62,50,5,1,1,2,0,S1 Teknik Elektro
66,67,75,51,54,55,51,3,3,3,5,0,S1 PGSD
79,71,82,66,52,56,87,3,3,5,1,0,S1 Manajemen
98,89,75,69,50,52,65,5,1,1,3,0,S1 Informatika
75,73,76,69,63,90,79,3,3,4,1,0,S1 Agribisnis
60,60,74,58,85,87,52,3,2,2,3,0,S1 Teknologi Hasil Pertanian
90,93,83,66,68,50,58,4,3,3,1,0,S1 Informatika
88,93,74,60,65,70,69,4,2,2,1,0,S1 Informatika
72,67,72,54,62,67,64,1,1,3,5,0,S1 PGSD
75,62,85,67,54,70,89,1,3,4,1,0,S1 Manajemen
90,63,70,51,66,70,92,1,1,5,1,0,S1 Manajemen
62,62,82,70,99,89,61,2,5,3,2,0,S1 Farmasi
87,67,76,56,51,69,83,2,2,5,2,0,S1 Manajemen
72,76,72,66,57,54,93,2,2,5,3,0,S1 Manajemen
72,94,80,55,58,58,50,2,2,2,5,0,S1 Pendidikan Bahasa Inggris
86,79,83,60,54,65,87,2,2,4,1,0,S1 Manajemen
99,75,80,62,54,70,58,4,3,2,2,0,S1 Informatika
90,61,82,80,70,55,66,5,2,2,2,0,S1 Teknik Elektro
80,66,78,88,63,55,60,5,3,1,3,0,S1 Teknik Elektro
67,60,85,70,86,88,59,4,1,1,1,0,S1 Teknologi Hasil Pertanian
79,79,99,59,68,55,51,1,3,1,2,0,S1 Studi Islam Interdisipliner
74,76,82,62,96,78,58,2,4,2,3,0,S1 Farmasi
84,75,81,93,60,61,70,4,2,2,2,0,S1 Teknik Elektro
78,70,70,80,57,67,52,4,1,1,2,0,S1 Teknik Elektro
65,76,74,70,95,79,54,3,4,1,2,0,S1 Farmasi
69,77,84,55,70,50,62,2,1,3,4,0,S1 PGSD
80,93,84,66,66,68,65,4,2,3,2,0,S1 Informatika
62,60,76,58,99,84,65,3,5,2,2,0,S1 Farmasi
62,67,91,53,53,62,68,2,3,2,3,1,S1 Studi Islam Interdisipliner
75,61,79,65,60,86,76,1,2,4,1,0,S1 Agribisnis
70,73,70,59,54,75,89,1,1,5,1,0,S1 Agribisnis
63,71,84,53,58,51,69,3,2,3,5,0,S1 PGSD
61,66,79,50,63,78,75,2,3,3,1,0,S1 Agribisnis
62,74,73,62,90,85,54,3,5,1,1,0,S1 Farmasi
86,88,84,64,62,63,53,5,2,3,3,0,S1 Informatika
70,65,79,56,62,69,94,3,2,5,2,0,S1 Manajemen
74,67,73,63,52,58,53,1,3,3,4,0,S1 PGSD
62,76,79,60,70,64,57,1,3,1,5,0,S1 PGSD
64,76,75,68,65,95,85,3,1,4,1,0,S1 Agribisnis
69,63,70,66,85,88,66,4,2,3,2,0,S1 Teknologi Hasil Pertanian
82,62,81,70,55,60,85,1,3,5,2,0,S1 Akuntansi
90,64,75,55,61,53,89,2,3,4,1,0,S1 Manajemen
94,77,77,92,63,67,51,5,2,3,2,0,S1 Teknik Elektro
69,86,78,51,68,68,62,3,2,3,4,0,S1 Pendidikan Bahasa Inggris
80,69,91,66,66,63,70,3,3,3,3,1,S1 Studi Islam Interdisipliner
78,94,71,70,61,66,70,2,1,2,5,0,S1 Pendidikan Bahasa Inggris
73,87,85,54,69,55,62,3,2,3,5,0,S1 Pendidikan Bahasa Inggris
78,92,83,64,52,60,56,2,3,2,4,0,S1 Pendidikan Bahasa Inggris
88,75,74,66,68,54,69,4,2,3,2,0,S1 Informatika
64,70,75,70,92,81,52,1,5,1,3,0,S1 Farmasi
70,64,94,53,54,50,70,2,3,1,1,1,S1 Studi Islam Interdisipliner
87,95,77,70,60,69,64,4,3,2,3,0,S1 Informatika
68,98,81,61,67,69,56,1,3,3,4,0,S1 Pendidikan Bahasa Inggris
91,83,82,62,62,61,50,5,2,1,1,0,S1 Informatika
70,66,98,56,69,65,64,3,2,2,2,1,S1 Studi Islam Interdisipliner
79,98,82,63,69,62,52,3,2,2,5,0,S1 Pendidikan Bahasa Inggris
77,62,79,83,59,61,67,5,1,2,2,0,S1 Teknik Elektro
75,78,77,62,97,80,54,2,4,3,3,0,S1 Farmasi
92,70,78,87,56,65,69,4,3,1,1,0,S1 Teknik Elektro
85,90,72,57,63,60,64,5,2,3,3,0,S1 Informatika
66,91,85,53,57,65,61,3,3,1,5,0,S1 Pendidikan Bahasa Inggris
84,87,85,61,65,57,69,4,2,3,3,0,S1 Informatika
81,69,82,95,63,65,61,4,3,3,3,0,S1 Teknik Elektro
76,65,100,62,55,51,69,1,1,1,3,0,S1 Studi Islam Interdisipliner
71,62,83,56,70,88,75,1,1,4,1,0,S1 Agribisnis
71,66,75,70,59,56,97,3,3,5,2,0,S1 Manajemen
95,77,82,98,67,58,54,4,2,3,1,0,S1 Teknik Elektro
74,74,73,58,81,80,61,4,1,1,1,0,S1 Teknologi Hasil Pertanian
77,71,79,53,63,69,97,3,2,5,3,0,S1 Manajemen
84,94,80,57,66,58,55,4,2,3,3,0,S1 Informatika
87,80,77,68,52,51,94,1,1,4,3,0,S1 Manajemen
69,74,70,59,61,65,52,3,3,2,5,0,S1 PGSD
72,76,81,53,95,75,61,1,4,1,2,0,S1 Farmasi
74,75,90,55,52,64,65,2,2,2,1,1,S1 Studi Islam Interdisipliner
80,100,83,52,65,50,56,2,2,2,4,0,S1 Pendidikan Bahasa Inggris
94,69,81,80,59,70,59,5,1,1,3,0,S1 Teknik Elektro
77,68,72,65,74,72,59,4,3,2,2,0,S1 Teknologi Hasil Pertanian
80,75,72,69,52,53,84,3,2,5,1,0,S1 Manajemen
90,83,83,66,66,64,56,5,2,2,2,0,S1 Informatika
88,77,74,63,61,53,97,1,1,4,1,0,S1 Manajemen
92,71,79,65,63,61,86,1,3,4,2,0,S1 Akuntansi
85,73,79,95,63,50,55,4,1,1,1,0,S1 Teknik Elektro
91,94,80,65,56,51,59,4,1,2,1,0,S1 Informatika
73,66,83,51,53,88,82,2,1,3,1,0,S1 Agribisnis
71,80,83,66,56,53,51,2,2,2,4,0,S1 PGSD
73,70,81,61,57,66,96,2,3,4,3,0,S1 Manajemen
80,74,97,59,67,58,70,1,3,1,1,0,S1 Studi Islam Interdisipliner
83,77,85,99,55,58,64,4,3,1,2,0,S1 Teknik Elektro
64,78,74,62,69,53,55,2,1,2,4,0,S1 PGSD
80,72,75,95,50,61,66,5,2,1,3,0,S1 Teknik Elektro
98,75,70,68,62,68,69,5,1,3,3,0,S1 Informatika
60,98,83,69,50,57,58,2,1,2,5,0,S1 Pendidikan Bahasa Inggris
68,74,85,54,66,59,53,1,3,3,5,0,S1 PGSD
71,62,71,51,82,82,69,4,1,2,2,0,S1 Teknologi Hasil Pertanian
66,80,81,67,88,90,50,4,2,3,2,0,S1 Teknologi Hasil Pertanian
81,64,75,56,69,69,85,3,2,4,2,0,S1 Akuntansi
70,64,72,56,84,76,64,5,2,3,3,0,S1 Teknologi Hasil Pertanian
80,60,81,56,70,50,85,1,2,4,1,0,S1 Manajemen
79,64,90,70,62,67,55,1,1,2,3,1,S1 Studi Islam Interdisipliner
74,63,71,56,59,54,91,2,3,5,2,0,S1 Manajemen
73,78,84,66,99,95,64,3,4,2,1,0,S1 Farmasi
64,68,85,55,100,87,68,1,4,3,3,0,S1 Farmasi
61,76,77,50,86,94,53,3,4,3,2,0,S1 Farmasi
74,86,85,50,60,51,70,2,3,3,5,0,S1 Pendidikan Bahasa Inggris
76,79,83,56,68,81,79,3,2,4,3,0,S1 Agribisnis
80,68,80,56,52,68,69,1,3,1,4,0,S1 PGSD
63,74,79,62,78,85,68,3,2,3,2,0,S1 Teknologi Hasil Pertanian
87,61,84,98,69,62,52,4,2,2,2,0,S1 Teknik Elektro
72,69,73,63,73,76,58,5,3,2,2,0,S1 Teknologi Hasil Pertanian
88,60,73,58,51,60,98,3,1,5,2,0,S1 Manajemen
63,70,84,61,51,54,56,1,1,2,4,0,S1 PGSD
60,72,75,62,73,74,54,4,3,1,1,0,S1 Teknologi Hasil Pertanian
72,73,90,50,65,57,58,2,3,2,3,0,S1 Studi Islam Interdisipliner
78,73,85,66,52,85,73,3,1,4,1,0,S1 Agribisnis
75,64,83,65,59,68,96,2,3,4,2,0,S1 Manajemen
64,65,82,65,61,89,86,3,3,3,2,0,S1 Agribisnis
95,77,80,63,65,64,58,4,3,1,1,0,S1 Informatika
79,63,81,58,97,81,61,1,5,2,3,0,S1 Farmasi
73,80,80,65,88,83,60,3,2,3,1,0,S1 Teknologi Hasil Pertanian
65,95,77,54,52,60,54,2,3,1,4,0,S1 Pendidikan Bahasa Inggris
79,60,80,55,88,86,65,3,2,1,1,0,S1 Teknologi Hasil Pertanian
93,77,85,90,59,70,61,4,1,2,3,0,S1 Teknik Elektro
69,65,71,54,88,78,55,2,4,1,3,0,S1 Farmasi
80,87,84,60,52,62,63,4,3,3,2,0,S1 Informatika
80,70,84,62,51,61,94,3,2,4,1,0,S1 Akuntansi
65,93,84,60,54,66,66,3,3,1,5,0,S1 Pendidikan Bahasa Inggris
89,64,82,65,58,53,100,2,1,4,2,0,S1 Manajemen
71,63,73,68,62,69,70,1,2,1,4,0,S1 PGSD
77,79,80,56,74,75,56,3,2,3,2,0,S1 Teknologi Hasil Pertanian
85,60,85,88,68,50,59,5,2,3,1,0,S1 Teknik Elektro
96,81,82,58,67,66,57,5,1,2,1,0,S1 Informatika
75,61,83,52,55,83,83,2,2,5,1,0,S1 Agribisnis
68,95,82,53,63,69,61,2,1,2,4,0,S1 Pendidikan Bahasa Inggris
73,75,71,56,98,83,58,1,4,1,3,0,S1 Farmasi
87,61,72,52,66,60,85,1,2,4,3,0,S1 Manajemen
65,69,90,55,65,56,70,2,3,1,1,1,S1 Studi Islam Interdisipliner
64,69,91,59,69,57,51,1,1,2,1,0,S1 Studi Islam Interdisipliner
65,70,73,55,55,93,79,1,2,4,1,0,S1 Agribisnis
86,89,82,61,55,68,53,4,3,3,3,0,S1 Informatika
61,76,83,62,86,82,54,2,5,3,1,0,S1 Farmasi
67,90,70,57,63,54,59,1,1,1,5,0,S1 Pendidikan Bahasa Inggris
64,75,72,50,88,79,53,3,4,1,2,0,S1 Farmasi
79,66,85,51,55,53,92,3,3,5,3,0,S1 Manajemen
72,73,83,58,59,53,59,3,3,2,4,0,S1 PGSD
96,81,70,57,61,61,50,5,2,2,1,0,S1 Informatika
64,61,72,55,91,78,62,3,4,3,2,0,S1 Farmasi
92,69,78,82,61,63,56,5,2,3,1,0,S1 Teknik Elektro
61,63,81,70,53,50,70,3,3,3,5,0,S1 PGSD
80,64,72,62,52,79,81,3,1,4,2,0,S1 Agribisnis
66,70,85,60,85,94,61,3,5,3,2,0,S1 Farmasi
77,92,76,53,69,53,69,2,2,2,5,0,S1 Pendidikan Bahasa Inggris
74,72,79,61,89,70,53,3,3,2,1,0,S1 Teknologi Hasil Pertanian
70,70,75,67,62,60,55,1,1,1,4,0,S1 PGSD
71,64,73,58,50,61,88,3,2,5,1,0,S1 Manajemen
88,77,78,57,63,56,89,3,3,5,3,0,S1 Akuntansi
86,66,78,51,67,59,93,1,2,4,3,0,S1 Akuntansi
87,91,80,64,52,66,62,4,3,2,3,0,S1 Informatika
78,68,70,95,57,59,54,4,1,3,1,0,S1 Teknik Elektro
61,78,79,70,51,68,69,3,1,2,5,0,S1 PGSD
73,67,98,60,66,61,60,3,2,3,1,1,S1 Studi Islam Interdisipliner
64,60,82,50,89,89,67,4,1,1,3,0,S1 Teknologi Hasil Pertanian
78,78,83,65,69,81,84,1,3,3,2,0,S1 Agribisnis
92,85,72,67,59,62,51,5,1,1,2,0,S1 Informatika
87,78,74,70,62,66,92,1,1,5,3,0,S1 Akuntansi
80,74,77,65,88,93,57,1,5,1,2,0,S1 Farmasi
70,61,80,54,70,55,80,1,3,4,1,0,S1 Manajemen
88,85,74,59,68,66,57,5,1,2,1,0,S1 Informatika
87,69,81,59,54,55,94,2,1,5,1,0,S1 Akuntansi
77,68,97,60,62,56,63,2,1,3,2,1,S1 Studi Islam Interdisipliner
79,63,70,56,68,65,66,2,2,3,4,0,S1 PGSD
80,69,82,65,59,65,85,1,2,4,2,0,S1 Akuntansi
90,78,78,62,68,53,87,3,1,4,2,0,S1 Akuntansi
72,61,77,51,51,65,55,2,2,1,4,0,S1 PGSD
77,66,72,52,61,68,57,2,1,1,5,0,S1 PGSD
72,74,83,51,85,83,65,5,3,1,2,0,S1 Teknologi Hasil Pertanian
99,83,75,61,53,65,69,4,1,3,3,0,S1 Informatika
68,61,80,52,98,86,51,2,4,3,3,0,S1 Farmasi
74,85,78,62,58,70,70,3,1,2,5,0,S1 Pendidikan Bahasa Inggris
77,63,73,50,56,76,73,1,3,5,1,0,S1 Agribisnis
72,68,95,54,52,65,70,3,1,1,2,1,S1 Studi Islam Interdisipliner
74,60,99,67,64,69,70,3,2,1,2,1,S1 Studi Islam Interdisipliner
80,87,83,63,62,56,50,5,3,3,1,0,S1 Informatika
63,79,83,69,61,95,85,1,1,4,3,0,S1 Agribisnis
80,62,72,60,73,81,52,5,2,3,3,0,S1 Teknologi Hasil Pertanian
69,99,77,55,60,53,51,2,2,2,4,0,S1 Pendidikan Bahasa Inggris
80,91,77,58,62,69,70,3,3,3,5,0,S1 Pendidikan Bahasa Inggris
76,65,85,70,66,92,80,3,2,3,2,0,S1 Agribisnis
84,77,72,68,51,64,88,2,1,4,3,0,S1 Manajemen
69,68,84,54,70,77,72,1,3,4,3,0,S1 Agribisnis
68,70,71,61,58,80,77,2,2,4,3,0,S1 Agribisnis
64,72,70,50,68,90,82,1,1,4,1,0,S1 Agribisnis
68,75,75,67,88,93,58,2,5,1,1,0,S1 Farmasi
76,73,81,62,52,67,65,1,2,1,5,0,S1 PGSD
67,70,84,61,79,70,70,5,2,3,1,0,S1 Teknologi Hasil Pertanian
67,61,76,69,63,60,57,1,1,3,5,0,S1 PGSD
90,78,78,50,65,65,67,4,1,2,1,0,S1 Informatika
66,74,76,59,66,57,54,3,3,1,4,0,S1 PGSD
87,69,72,64,50,69,93,1,2,4,1,0,S1 Akuntansi
80,75,85,58,59,61,51,3,1,2,4,0,S1 PGSD
64,61,81,59,79,87,52,5,1,1,1,0,S1 Teknologi Hasil Pertanian
71,78,94,70,53,68,66,2,1,1,3,1,S1 Studi Islam Interdisipliner
87,71,71,61,64,66,88,3,2,5,1,0,S1 Manajemen
65,76,79,65,57,68,63,3,2,2,5,0,S1 PGSD
61,72,70,51,56,65,58,1,1,1,4,0,S1 PGSD
69,74,70,53,70,70,59,1,3,1,4,0,S1 PGSD
100,84,71,66,50,63,69,5,1,1,2,0,S1 Informatika
71,93,70,55,61,58,51,3,3,3,4,0,S1 Pendidikan Bahasa Inggris
85,64,80,64,59,50,90,2,3,5,2,0,S1 Akuntansi
78,80,84,66,58,77,82,1,2,4,3,0,S1 Agribisnis
62,70,71,50,57,56,63,3,3,1,5,0,S1 PGSD
89,73,75,88,55,58,57,4,1,1,2,0,S1 Teknik Elektro
74,91,85,55,57,57,60,1,3,3,4,0,S1 Pendidikan Bahasa Inggris
80,69,79,55,91,84,55,3,5,1,1,0,S1 Farmasi
91,73,77,61,67,60,99,2,3,4,3,0,S1 Akuntansi
61,92,72,68,50,58,59,1,2,3,5,0,S1 Pendidikan Bahasa Inggris
80,78,83,64,66,60,58,4,1,1,3,0,S1 Informatika
74,62,73,52,54,52,56,2,1,3,4,0,S1 PGSD
75,79,93,68,51,65,50,2,2,2,2,1,S1 Studi Islam Interdisipliner
62,69,92,51,63,53,54,1,1,3,2,1,S1 Studi Islam Interdisipliner
75,60,75,91,51,56,53,4,3,2,3,0,S1 Teknik Elektro
66,74,77,56,85,90,59,3,4,3,2,0,S1 Farmasi
67,66,100,66,51,56,56,2,1,1,1,1,S1 Studi Islam Interdisipliner
66,79,75,62,54,55,60,2,2,1,4,0,S1 PGSD
75,64,74,50,92,88,60,2,4,3,1,0,S1 Farmasi
72,61,81,50,57,93,90,2,2,5,2,0,S1 Agribisnis
78,64,78,87,70,50,62,4,2,3,2,0,S1 Teknik Elektro
70,63,74,58,67,79,81,2,3,3,1,0,S1 Agribisnis
94,78,76,82,61,50,52,5,2,3,1,0,S1 Teknik Elektro
75,75,83,69,67,70,88,2,1,5,3,0,S1 Manajemen
76,63,75,84,63,62,53,5,1,1,3,0,S1 Teknik Elektro
64,67,92,68,59,55,60,1,2,3,1,1,S1 Studi Islam Interdisipliner
79,63,80,67,50,68,94,1,2,5,3,0,S1 Manajemen
100,87,84,69,62,67,63,4,3,2,3,0,S1 Informatika
61,75,70,51,68,59,57,3,2,3,4,0,S1 PGSD
82,88,84,67,63,66,52,5,3,2,1,0,S1 Informatika
89,61,85,66,57,53,95,1,2,4,1,0,S1 Akuntansi
80,66,74,50,97,75,65,1,5,3,1,0,S1 Farmasi
79,61,74,69,86,93,56,1,4,2,3,0,S1 Farmasi
72,75,84,64,59,78,71,2,1,4,2,0,S1 Agribisnis
65,67,98,58,66,50,67,2,3,2,2,1,S1 Studi Islam Interdisipliner
60,100,78,68,58,61,64,2,2,1,4,0,S1 Pendidikan Bahasa Inggris
80,60,72,70,56,76,86,2,3,3,3,0,S1 Agribisnis
77,80,83,56,51,64,63,3,1,1,4,0,S1 PGSD
89,79,75,57,62,62,66,5,1,2,1,0,S1 Informatika
71,71,91,51,64,53,66,3,2,2,3,1,S1 Studi Islam Interdisipliner
72,66,81,63,99,92,60,1,5,3,1,0,S1 Farmasi
80,68,75,58,52,92,81,2,3,3,1,0,S1 Agribisnis
83,83,83,66,57,65,59,4,1,2,1,0,S1 Informatika
62,94,73,70,50,68,58,1,1,3,5,0,S1 Pendidikan Bahasa Inggris
79,79,76,98,61,63,68,4,1,2,1,0,S1 Teknik Elektro
75,70,70,67,70,67,64,3,2,3,5,0,S1 PGSD
74,74,83,69,66,59,53,1,3,1,4,0,S1 PGSD
88,68,71,55,63,65,85,1,1,4,2,0,S1 Akuntansi
86,67,70,64,68,55,81,2,3,5,1,0,S1 Manajemen
90,66,74,66,61,59,88,3,2,5,2,0,S1 Akuntansi
86,61,71,60,56,61,90,1,3,4,3,0,S1 Manajemen
86,90,82,60,57,62,66,5,3,3,2,0,S1 Informatika
78,69,80,51,52,59,51,3,2,1,4,0,S1 PGSD
71,79,99,53,57,66,63,3,3,3,3,1,S1 Studi Islam Interdisipliner
84,68,84,63,58,61,86,2,1,4,3,0,S1 Akuntansi
80,85,75,53,68,55,65,4,1,2,3,0,S1 Informatika
62,77,79,58,51,94,81,2,1,3,3,0,S1 Agribisnis
95,87,79,66,52,70,69,5,3,3,3,0,S1 Informatika
68,66,81,54,66,53,51,2,2,1,5,0,S1 PGSD
73,80,78,64,89,75,63,4,1,3,2,0,S1 Teknologi Hasil Pertanian
100,91,85,62,65,61,68,4,1,1,1,0,S1 Informatika
79,71,95,65,66,61,51,3,2,1,2,1,S1 Studi Islam Interdisipliner
80,89,82,61,60,60,66,3,2,2,4,0,S1 Pendidikan Bahasa Inggris
74,66,95,64,57,58,54,2,1,2,2,1,S1 Studi Islam Interdisipliner
73,80,71,66,55,64,64,3,2,3,4,0,S1 PGSD
74,60,84,56,54,55,97,2,2,5,3,0,S1 Manajemen
98,91,73,65,66,66,60,5,1,3,2,0,S1 Informatika
68,63,74,67,96,83,58,2,4,3,2,0,S1 Farmasi
68,63,85,50,93,91,60,1,4,2,3,0,S1 Farmasi
88,92,80,69,52,63,67,4,2,3,3,0,S1 Informatika
83,62,78,61,54,64,94,2,3,5,1,0,S1 Manajemen
78,75,96,55,50,55,56,3,2,3,1,0,S1 Studi Islam Interdisipliner
61,68,74,59,62,75,81,2,3,4,2,0,S1 Agribisnis
64,67,73,68,82,70,54,5,2,1,1,0,S1 Teknologi Hasil Pertanian
60,60,82,67,82,86,64,4,1,1,2,0,S1 Teknologi Hasil Pertanian
68,77,71,59,60,92,88,1,1,5,3,0,S1 Agribisnis
75,71,77,70,60,77,72,2,3,4,1,0,S1 Agribisnis
73,64,76,70,50,51,85,2,3,4,1,0,S1 Manajemen
69,79,80,61,67,58,55,1,2,1,4,0,S1 PGSD
91,62,84,55,51,59,100,2,3,5,3,0,S1 Akuntansi
94,61,77,58,56,54,93,1,1,4,1,0,S1 Akuntansi
64,77,79,53,70,76,51,5,3,2,1,0,S1 Teknologi Hasil Pertanian
85,72,73,66,54,53,87,1,3,4,2,0,S1 Akuntansi
70,72,73,59,55,69,54,3,3,2,5,0,S1 PGSD
72,77,82,54,55,91,77,2,2,5,2,0,S1 Agribisnis
65,69,83,69,55,91,83,2,3,5,1,0,S1 Agribisnis
70,80,75,54,76,79,58,3,3,2,3,0,S1 Teknologi Hasil Pertanian
93,70,81,93,58,55,61,4,1,2,2,0,S1 Teknik Elektro
90,80,85,58,52,68,62,5,2,3,1,0,S1 Informatika
91,95,81,56,68,66,57,5,3,1,1,0,S1 Informatika
64,65,78,70,64,90,86,2,3,4,1,0,S1 Agribisnis
83,77,85,90,60,65,56,4,2,3,2,0,S1 Teknik Elektro
90,79,82,53,58,59,85,2,3,4,2,0,S1 Manajemen
62,73,97,58,60,70,61,1,1,3,1,1,S1 Studi Islam Interdisipliner
80,79,71,57,93,79,59,3,5,2,1,0,S1 Farmasi
77,86,85,59,69,59,52,2,1,1,5,0,S1 Pendidikan Bahasa Inggris
75,87,77,50,64,59,67,1,2,2,4,0,S1 Pendidikan Bahasa Inggris
78,65,81,54,75,72,60,5,3,1,2,0,S1 Teknologi Hasil Pertanian
69,61,70,59,85,91,56,2,5,1,1,0,S1 Farmasi
63,61,80,60,91,86,57,3,5,2,3,0,S1 Farmasi
74,73,99,60,65,53,57,1,2,3,1,1,S1 Studi Islam Interdisipliner
79,78,71,56,77,90,69,4,2,3,2,0,S1 Teknologi Hasil Pertanian
70,66,70,61,69,68,55,1,1,2,4,0,S1 PGSD
87,64,76,60,52,66,96,3,3,4,2,0,S1 Manajemen
84,67,70,51,54,54,98,1,2,5,3,0,S1 Manajemen
72,73,79,68,69,54,84,1,3,4,2,0,S1 Manajemen
73,97,77,52,55,64,69,1,2,3,4,0,S1 Pendidikan Bahasa Inggris
74,78,85,56,92,81,60,1,4,2,2,0,S1 Farmasi
78,76,75,51,60,54,69,1,3,1,5,0,S1 PGSD
66,79,79,50,57,54,52,2,3,3,4,0,S1 PGSD
85,76,70,69,53,61,87,1,2,5,3,0,S1 Manajemen
80,95,82,63,56,66,54,1,2,3,5,0,S1 Pendidikan Bahasa Inggris
72,71,82,68,69,69,58,2,3,3,5,0,S1 PGSD
70,87,80,52,53,53,55,2,3,2,5,0,S1 Pendidikan Bahasa Inggris
91,61,81,91,57,64,54,5,1,1,3,0,S1 Teknik Elektro
80,74,74,66,56,54,100,3,1,5,3,0,S1 Akuntansi
77,67,91,56,69,58,69,2,3,3,3,1,S1 Studi Islam Interdisipliner
80,80,84,63,90,79,58,2,4,1,3,0,S1 Farmasi
100,86,72,67,68,61,66,4,3,2,3,0,S1 Informatika
60,64,82,65,66,58,53,2,1,3,4,0,S1 PGSD
72,67,71,70,55,52,52,1,2,3,5,0,S1 PGSD
80,70,84,55,98,94,68,2,4,3,3,0,S1 Farmasi
61,75,85,57,58,61,59,1,1,2,4,0,S1 PGSD
98,79,73,58,54,50,68,4,3,1,3,0,S1 Informatika
66,70,92,66,57,51,69,3,2,1,3,1,S1 Studi Islam Interdisipliner
84,79,73,54,50,70,99,2,1,5,3,0,S1 Akuntansi
70,73,94,57,67,66,53,3,1,1,1,1,S1 Studi Islam Interdisipliner
69,95,84,66,51,59,58,1,2,1,5,0,S1 Pendidikan Bahasa Inggris
84,62,81,99,52,59,51,4,2,2,1,0,S1 Teknik Elektro
60,74,76,52,60,58,70,3,3,1,4,0,S1 PGSD
61,63,70,67,99,76,65,1,4,1,3,0,S1 Farmasi
87,75,80,81,64,60,64,4,2,3,3,0,S1 Teknik Elektro
72,66,84,65,61,70,94,2,3,5,3,0,S1 Manajemen
62,74,95,69,57,59,70,2,2,1,2,1,S1 Studi Islam Interdisipliner
80,61,82,58,76,77,59,5,3,2,2,0,S1 Teknologi Hasil Pertanian
87,61,79,82,54,64,51,5,2,2,1,0,S1 Teknik Elektro
64,60,77,65,52,64,58,1,1,2,4,0,S1 PGSD
92,70,80,92,68,67,60,4,1,2,2,0,S1 Teknik Elektro
73,62,72,61,65,63,59,3,1,3,5,0,S1 PGSD
87,60,70,69,58,52,94,1,3,5,1,0,S1 Akuntansi
65,70,91,57,68,52,68,1,1,3,3,1,S1 Studi Islam Interdisipliner
77,68,98,66,59,59,69,2,1,3,2,0,S1 Studi Islam Interdisipliner
99,93,73,63,66,50,70,4,1,3,2,0,S1 Informatika
79,66,75,70,72,85,60,3,2,2,3,0,S1 Teknologi Hasil Pertanian
69,73,94,60,53,67,52,2,3,2,1,1,S1 Studi Islam Interdisipliner
85,77,80,68,70,59,91,1,1,4,2,0,S1 Akuntansi
83,71,77,96,55,60,64,4,1,3,3,0,S1 Teknik Elektro
88,63,74,67,54,58,92,2,3,4,1,0,S1 Manajemen
69,62,71,68,97,92,53,1,5,1,1,0,S1 Farmasi
97,77,79,50,62,57,54,5,3,2,3,0,S1 Informatika
88,68,82,82,63,53,62,5,1,2,3,0,S1 Teknik Elektro
66,76,79,61,86,75,57,1,4,2,2,0,S1 Farmasi
61,65,76,58,57,52,65,3,1,3,5,0,S1 PGSD
98,84,85,65,68,62,64,5,2,3,3,0,S1 Informatika
71,61,79,56,68,68,53,3,3,1,4,0,S1 PGSD
64,66,77,51,96,75,59,1,4,2,2,0,S1 Farmasi
77,75,93,58,60,58,60,1,2,3,3,0,S1 Studi Islam Interdisipliner
76,78,73,57,58,54,60,3,3,1,4,0,S1 PGSD
64,62,85,60,87,88,62,3,5,3,2,0,S1 Farmasi
60,73,75,51,96,91,66,3,4,2,1,0,S1 Farmasi
68,64,78,52,92,91,60,2,5,2,1,0,S1 Farmasi
77,74,98,65,66,58,70,3,2,1,2,1,S1 Studi Islam Interdisipliner
100,85,84,51,53,67,66,5,1,1,1,0,S1 Informatika
63,72,95,53,57,63,64,3,1,3,1,0,S1 Studi Islam Interdisipliner
75,71,78,61,69,59,53,1,1,3,4,0,S1 PGSD
78,61,76,59,67,75,90,2,2,5,1,0,S1 Agribisnis
65,65,79,69,75,73,54,4,3,2,2,0,S1 Teknologi Hasil Pertanian
87,92,76,67,50,54,64,5,1,1,1,0,S1 Informatika
65,64,71,52,51,68,55,3,3,1,5,0,S1 PGSD
83,89,77,59,54,65,63,5,2,2,1,0,S1 Informatika
88,75,85,62,64,67,92,2,1,4,3,0,S1 Manajemen
67,69,81,66,57,78,90,3,2,5,1,0,S1 Agribisnis
76,71,84,66,63,86,84,3,2,4,2,0,S1 Agribisnis
91,70,80,51,69,50,91,1,1,4,2,0,S1 Akuntansi
74,61,75,59,61,93,86,3,3,5,3,0,S1 Agribisnis
90,75,70,98,65,51,63,4,3,3,1,0,S1 Teknik Elektro
78,70,80,57,68,60,56,2,2,2,4,0,S1 PGSD
80,64,77,62,54,67,98,3,1,4,3,0,S1 Akuntansi
63,98,75,55,61,60,59,1,3,1,4,0,S1 Pendidikan Bahasa Inggris
60,79,76,61,56,55,51,2,1,1,5,0,S1 PGSD
67,66,73,64,66,93,86,2,3,5,2,0,S1 Agribisnis
80,75,98,60,50,52,57,1,3,3,1,1,S1 Studi Islam Interdisipliner
70,69,73,62,65,58,66,3,2,3,4,0,S1 PGSD
69,72,84,63,95,82,51,1,5,3,2,0,S1 Farmasi
81,89,83,70,58,69,60,4,3,3,2,0,S1 Informatika
65,74,73,52,58,64,59,3,2,1,5,0,S1 PGSD
70,69,92,55,65,62,63,3,3,1,1,1,S1 Studi Islam Interdisipliner
76,76,82,57,58,63,50,1,3,2,5,0,S1 PGSD
78,94,80,65,57,62,68,3,1,1,4,0,S1 Pendidikan Bahasa Inggris
77,73,79,60,96,86,58,2,4,1,3,0,S1 Farmasi
70,67,78,58,69,80,85,3,2,3,1,0,S1 Agribisnis
64,87,83,65,50,60,50,2,2,1,5,0,S1 Pendidikan Bahasa Inggris
82,70,83,64,66,67,84,2,1,4,1,0,S1 Manajemen
80,72,82,96,64,68,62,4,3,1,3,0,S1 Teknik Elektro
70,62,93,62,61,66,63,1,2,3,3,1,S1 Studi Islam Interdisipliner
90,79,76,64,50,56,97,3,1,4,1,0,S1 Akuntansi
75,79,75,63,79,78,61,3,3,2,1,0,S1 Teknologi Hasil Pertanian
61,98,72,56,64,56,61,3,3,1,5,0,S1 Pendidikan Bahasa Inggris
73,77,81,50,87,82,60,2,4,1,1,0,S1 Farmasi
69,79,78,64,87,87,55,1,4,1,3,0,S1 Farmasi
75,67,74,67,61,70,98,2,3,5,1,0,S1 Manajemen
88,62,79,50,57,50,93,3,3,4,1,0,S1 Manajemen
70,75,94,51,67,63,53,2,2,3,3,0,S1 Studi Islam Interdisipliner
85,79,82,97,64,65,65,4,1,1,2,0,S1 Teknik Elektro
65,75,79,64,53,63,58,2,1,1,4,0,S1 PGSD
86,77,73,55,68,50,86,2,1,5,1,0,S1 Akuntansi
89,61,79,70,59,58,93,2,2,4,1,0,S1 Manajemen
87,76,78,70,56,53,96,1,1,5,1,0,S1 Manajemen
77,76,90,58,57,52,56,3,2,3,1,1,S1 Studi Islam Interdisipliner
69,70,91,50,52,66,54,2,1,2,2,1,S1 Studi Islam Interdisipliner
99,94,79,65,68,61,57,5,2,3,2,0,S1 Informatika
82,77,76,69,68,65,99,1,1,4,1,0,S1 Manajemen
65,75,85,57,65,57,56,2,3,2,5,0,S1 PGSD
83,67,74,88,56,68,55,5,2,1,3,0,S1 Teknik Elektro
63,69,80,59,89,76,53,4,2,3,1,0,S1 Teknologi Hasil Pertanian
70,68,73,53,65,50,61,3,3,3,4,0,S1 PGSD
79,68,76,54,86,82,65,2,5,2,1,0,S1 Farmasi
80,76,77,51,54,64,70,1,3,1,5,0,S1 PGSD
75,79,74,95,53,63,53,4,2,1,2,0,S1 Teknik Elektro
98,88,85,65,70,53,53,4,3,2,2,0,S1 Informatika
85,74,84,55,63,70,89,3,2,5,3,0,S1 Akuntansi
84,75,74,51,51,61,53,4,2,3,1,0,S1 Informatika
66,68,81,55,95,88,56,3,5,3,3,0,S1 Farmasi
78,64,85,57,99,92,60,2,5,3,3,0,S1 Farmasi
62,60,77,66,84,86,54,4,3,3,1,0,S1 Teknologi Hasil Pertanian
88,63,75,50,67,52,91,3,3,5,2,0,S1 Akuntansi
83,61,79,91,58,62,56,5,1,3,1,0,S1 Teknik Elektro
65,63,94,62,54,58,63,1,3,1,1,1,S1 Studi Islam Interdisipliner
65,77,80,65,63,90,75,2,1,4,3,0,S1 Agribisnis
70,73,79,65,70,54,88,2,2,5,3,0,S1 Manajemen
63,98,70,61,58,54,56,3,2,2,4,0,S1 Pendidikan Bahasa Inggris
89,92,70,61,70,67,64,5,3,2,3,0,S1 Informatika
79,94,82,52,55,64,69,2,2,1,4,0,S1 Pendidikan Bahasa Inggris
78,68,82,51,94,90,64,2,4,2,3,0,S1 Farmasi
68,68,79,70,87,75,59,5,2,2,2,0,S1 Teknologi Hasil Pertanian
89,61,76,70,65,53,100,3,3,4,1,0,S1 Akuntansi
90,69,81,68,51,65,85,2,1,5,3,0,S1 Akuntansi
63,70,77,69,100,83,54,2,5,3,3,0,S1 Farmasi
87,72,75,64,54,57,86,1,3,4,3,0,S1 Manajemen
64,60,72,56,70,82,55,3,3,3,2,0,S1 Teknologi Hasil Pertanian
76,69,73,52,54,77,81,2,1,3,3,0,S1 Agribisnis
95,80,79,68,50,68,95,2,1,5,2,0,S1 Akuntansi
71,94,72,50,56,69,54,3,2,1,4,0,S1 Pendidikan Bahasa Inggris
81,80,70,58,50,69,55,4,2,2,2,0,S1 Informatika
86,71,73,51,60,54,93,3,1,4,1,0,S1 Manajemen
60,77,84,65,64,65,62,2,2,3,4,0,S1 PGSD
93,74,76,51,66,70,88,1,2,4,1,0,S1 Akuntansi
61,75,84,57,67,80,83,2,3,4,3,0,S1 Agribisnis
83,70,77,58,53,58,89,3,1,5,1,0,S1 Akuntansi
85,62,78,55,69,59,97,2,2,5,1,0,S1 Manajemen
77,66,81,95,52,66,59,5,2,2,3,0,S1 Teknik Elektro
70,60,76,52,54,86,79,2,2,5,1,0,S1 Agribisnis
70,88,84,70,59,54,57,1,1,1,4,0,S1 Pendidikan Bahasa Inggris
89,78,80,53,64,51,90,2,2,5,3,0,S1 Manajemen
78,66,81,63,93,89,62,1,4,3,2,0,S1 Farmasi
88,76,70,59,62,62,100,3,3,4,2,0,S1 Akuntansi
78,66,93,61,50,60,56,2,3,1,3,1,S1 Studi Islam Interdisipliner
63,71,79,54,99,82,58,2,5,3,2,0,S1 Farmasi
90,69,71,63,63,63,89,3,1,5,2,0,S1 Akuntansi
96,75,82,53,63,53,70,4,1,2,3,0,S1 Informatika
78,64,73,63,51,80,79,2,3,4,1,0,S1 Agribisnis
73,72,78,62,89,81,51,5,3,2,1,0,S1 Teknologi Hasil Pertanian
76,70,95,67,65,57,69,1,1,3,1,1,S1 Studi Islam Interdisipliner
61,76,76,65,58,91,89,2,2,4,3,0,S1 Agribisnis
83,64,85,96,60,70,53,5,2,3,1,0,S1 Teknik Elektro
63,66,81,70,68,77,89,1,3,4,3,0,S1 Agribisnis
95,94,82,59,54,59,68,4,1,3,3,0,S1 Informatika
97,83,70,53,57,57,52,5,1,1,2,0,S1 Informatika
95,62,75,57,54,67,91,1,3,5,3,0,S1 Akuntansi
85,79,71,83,52,52,56,4,2,3,1,0,S1 Teknik Elektro
76,70,71,57,85,89,52,2,5,3,2,0,S1 Farmasi
74,60,99,64,62,62,70,1,3,2,1,1,S1 Studi Islam Interdisipliner
71,60,80,58,58,65,60,1,3,2,5,0,S1 PGSD
73,69,92,69,68,69,59,3,2,3,2,0,S1 Studi Islam Interdisipliner
84,75,77,68,67,63,96,3,2,5,1,0,S1 Akuntansi
75,71,78,59,58,68,91,3,1,5,1,0,S1 Manajemen
64,76,80,59,51,85,70,1,2,4,2,0,S1 Agribisnis
67,67,78,51,68,93,73,1,2,4,1,0,S1 Agribisnis
86,68,73,69,54,66,80,1,1,5,2,0,S1 Manajemen
63,79,84,59,58,56,60,1,3,1,5,0,S1 PGSD
62,69,70,69,84,78,50,5,3,2,2,0,S1 Teknologi Hasil Pertanian
68,71,73,68,61,85,73,3,2,5,2,0,S1 Agribisnis
86,77,76,62,67,58,89,3,1,4,3,0,S1 Akuntansi
63,61,80,67,92,90,58,1,4,3,3,0,S1 Farmasi
73,74,81,58,71,71,59,5,1,1,3,0,S1 Teknologi Hasil Pertanian
83,67,80,53,57,62,100,3,3,4,2,0,S1 Akuntansi
61,80,84,69,78,84,65,4,1,1,2,0,S1 Teknologi Hasil Pertanian
73,75,77,57,96,78,61,2,5,1,2,0,S1 Farmasi
75,68,82,80,60,69,58,5,1,1,3,0,S1 Teknik Elektro
70,71,74,60,67,68,97,2,3,5,2,0,S1 Manajemen
75,76,85,57,63,81,75,3,3,4,3,0,S1 Agribisnis
75,86,74,70,66,54,56,2,2,1,4,0,S1 Pendidikan Bahasa Inggris
74,80,83,50,79,74,56,3,3,2,2,0,S1 Teknologi Hasil Pertanian
94,77,72,87,69,65,59,4,2,2,1,0,S1 Teknik Elektro
74,99,78,54,58,57,60,2,1,3,4,0,S1 Pendidikan Bahasa Inggris
75,73,72,54,67,94,73,3,3,4,3,0,S1 Agribisnis
66,64,91,55,56,51,55,3,2,1,1,1,S1 Studi Islam Interdisipliner
75,69,79,69,68,87,84,3,3,3,3,0,S1 Agribisnis
83,80,74,62,68,56,97,3,2,4,2,0,S1 Manajemen
64,62,74,61,97,93,59,1,5,3,2,0,S1 Farmasi
71,78,81,50,68,67,94,3,2,4,3,0,S1 Manajemen
99,79,74,57,66,68,64,4,2,2,3,0,S1 Informatika
69,86,71,67,50,59,64,1,1,3,5,0,S1 Pendidikan Bahasa Inggris
85,91,84,53,60,63,65,5,1,3,1,0,S1 Informatika
71,62,75,53,98,89,58,1,4,3,2,0,S1 Farmasi
73,78,70,57,95,83,67,2,4,2,1,0,S1 Farmasi
94,61,84,84,52,61,65,4,3,3,3,0,S1 Teknik Elektro
70,89,76,57,58,65,69,2,2,3,4,0,S1 Pendidikan Bahasa Inggris
63,78,78,66,70,83,82,3,3,5,1,0,S1 Agribisnis
68,94,72,59,51,64,51,1,1,2,4,0,S1 Pendidikan Bahasa Inggris
85,83,78,52,65,58,66,5,3,3,2,0,S1 Informatika
81,75,70,67,62,50,53,4,1,3,1,0,S1 Informatika
67,88,73,66,69,69,50,2,2,3,5,0,S1 Pendidikan Bahasa Inggris
80,80,80,60,70,53,89,3,1,5,3,0,S1 Akuntansi
67,69,85,56,73,72,52,5,2,1,2,0,S1 Teknologi Hasil Pertanian
77,72,78,65,84,89,56,3,2,3,1,0,S1 Teknologi Hasil Pertanian
71,73,91,57,59,68,60,3,3,1,1,1,S1 Studi Islam Interdisipliner
72,69,73,59,70,74,63,4,3,2,3,0,S1 Teknologi Hasil Pertanian
84,79,70,53,52,67,91,3,1,5,3,0,S1 Akuntansi
86,71,83,56,68,55,87,2,2,4,3,0,S1 Manajemen
89,88,80,63,60,63,59,5,2,2,3,0,S1 Informatika
91,79,80,69,69,56,96,3,1,5,3,0,S1 Akuntansi
89,75,85,88,65,54,63,5,3,3,3,0,S1 Teknik Elektro
61,99,79,53,51,64,67,3,3,1,5,0,S1 Pendidikan Bahasa Inggris
87,82,71,66,51,58,58,5,3,3,3,0,S1 Informatika
62,71,79,55,91,92,51,2,4,2,2,0,S1 Farmasi
70,62,72,56,85,86,56,4,3,3,1,0,S1 Teknologi Hasil Pertanian
81,92,85,62,54,59,56,4,1,2,3,0,S1 Informatika
66,70,97,61,60,69,62,1,3,1,1,0,S1 Studi Islam Interdisipliner
94,77,78,65,58,66,51,4,1,3,2,0,S1 Informatika
74,75,82,61,98,88,66,2,4,2,1,0,S1 Farmasi
67,96,81,64,57,57,69,1,3,3,5,0,S1 Pendidikan Bahasa Inggris
76,79,79,69,82,87,60,4,2,2,3,0,S1 Teknologi Hasil Pertanian
81,63,80,64,52,55,91,1,2,4,1,0,S1 Manajemen
75,70,96,58,65,66,57,1,3,3,2,0,S1 Studi Islam Interdisipliner
73,61,85,59,56,81,83,2,3,3,1,0,S1 Agribisnis
90,94,72,57,52,65,62,4,3,2,2,0,S1 Informatika
82,68,82,88,51,55,65,4,3,1,3,0,S1 Teknik Elektro
80,80,70,60,66,55,88,2,2,4,2,0,S1 Manajemen
67,97,84,64,70,68,53,3,2,1,4,0,S1 Pendidikan Bahasa Inggris
60,74,76,61,66,63,54,2,1,3,4,0,S1 PGSD
78,60,81,50,51,93,71,1,3,3,3,0,S1 Agribisnis
82,80,77,56,52,51,94,1,2,5,2,0,S1 Akuntansi
73,69,76,61,73,78,68,5,3,3,1,0,S1 Teknologi Hasil Pertanian
67,61,91,50,63,67,57,1,3,2,1,0,S1 Studi Islam Interdisipliner
70,78,71,67,83,75,66,5,3,1,2,0,S1 Teknologi Hasil Pertanian
67,60,77,56,61,84,84,3,1,4,1,0,S1 Agribisnis
78,71,71,54,61,63,98,1,3,5,3,0,S1 Manajemen
67,80,80,51,79,79,55,3,2,3,2,0,S1 Teknologi Hasil Pertanian
82,63,71,85,63,59,60,4,1,2,1,0,S1 Teknik Elektro
64,61,83,70,64,65,68,2,1,3,4,0,S1 PGSD
80,80,72,90,60,59,62,5,3,2,2,0,S1 Teknik Elektro
84,63,72,85,60,59,70,4,1,1,2,0,S1 Teknik Elektro
94,79,73,83,58,64,53,5,3,3,2,0,S1 Teknik Elektro
92,86,85,54,65,63,55,5,1,1,1,0,S1 Informatika
70,64,72,68,90,88,68,3,1,3,2,0,S1 Teknologi Hasil Pertanian
76,63,83,58,70,68,95,1,2,5,1,0,S1 Manajemen
77,71,85,57,52,66,51,1,2,1,5,0,S1 PGSD
86,75,73,91,64,62,53,5,3,2,2,0,S1 Teknik Elektro
95,73,78,82,63,63,69,4,3,2,2,0,S1 Teknik Elektro
60,78,90,60,63,50,52,1,2,3,2,0,S1 Studi Islam Interdisipliner
83,74,72,69,61,70,97,2,1,5,2,0,S1 Akuntansi
64,60,74,54,54,75,81,1,1,5,2,0,S1 Agribisnis
62,66,90,53,69,50,65,2,2,2,1,1,S1 Studi Islam Interdisipliner
60,72,72,54,52,53,50,1,1,2,5,0,S1 PGSD
75,63,93,68,61,55,52,2,2,3,1,1,S1 Studi Islam Interdisipliner
87,80,81,86,65,56,59,4,1,2,3,0,S1 Teknik Elektro
70,79,81,59,66,68,59,1,1,2,4,0,S1 PGSD
66,91,73,57,52,54,61,1,1,1,4,0,S1 Pendidikan Bahasa Inggris
92,81,85,70,64,64,55,4,1,2,3,0,S1 Informatika
73,72,85,67,71,84,69,4,1,1,1,0,S1 Teknologi Hasil Pertanian
93,75,80,55,50,52,92,2,1,5,2,0,S1 Akuntansi
70,79,79,58,55,62,52,2,3,1,5,0,S1 PGSD
82,79,75,98,61,56,63,5,2,1,1,0,S1 Teknik Elektro
62,79,83,50,70,56,66,2,1,2,5,0,S1 PGSD
77,67,83,52,66,76,88,3,2,5,2,0,S1 Agribisnis
79,64,85,88,59,69,53,4,2,2,3,0,S1 Teknik Elektro
75,65,70,63,58,88,80,3,2,3,1,0,S1 Agribisnis
84,62,74,92,57,69,62,5,2,3,3,0,S1 Teknik Elektro
80,66,78,65,53,65,97,2,3,4,3,0,S1 Manajemen
76,80,81,67,57,53,93,1,1,4,3,0,S1 Manajemen
89,64,84,91,68,63,50,4,1,2,3,0,S1 Teknik Elektro
89,63,71,52,63,53,86,2,1,5,2,0,S1 Akuntansi
79,63,79,52,67,90,90,1,1,3,1,0,S1 Agribisnis
80,78,82,57,89,83,52,3,5,2,3,0,S1 Farmasi
87,61,71,55,63,69,89,1,3,5,2,0,S1 Manajemen
86,78,73,57,66,51,99,3,3,4,3,0,S1 Manajemen
87,95,79,52,61,53,58,4,1,2,1,0,S1 Informatika
76,92,72,60,65,61,70,3,3,1,5,0,S1 Pendidikan Bahasa Inggris
91,90,71,54,59,50,70,4,3,1,3,0,S1 Informatika
69,61,82,66,61,59,56,1,2,1,4,0,S1 PGSD
71,67,80,66,96,95,62,1,5,1,3,0,S1 Farmasi
85,62,71,59,65,55,89,1,3,4,1,0,S1 Akuntansi
77,80,80,68,59,77,75,1,1,4,1,0,S1 Agribisnis
78,62,85,57,86,84,64,3,5,1,2,0,S1 Farmasi
76,67,79,58,83,79,66,4,3,2,2,0,S1 Teknologi Hasil Pertanian
83,73,76,60,65,66,81,2,3,4,3,0,S1 Manajemen
86,72,77,63,51,58,86,3,2,4,1,0,S1 Akuntansi
86,80,71,54,50,59,86,1,3,4,1,0,S1 Manajemen
80,69,70,54,54,55,89,1,3,5,1,0,S1 Akuntansi
81,84,78,57,67,62,52,4,1,1,3,0,S1 Informatika
71,67,80,63,66,91,86,1,3,4,3,0,S1 Agribisnis
91,71,80,85,58,59,60,5,2,1,2,0,S1 Teknik Elektro
61,76,82,70,78,88,50,5,1,3,2,0,S1 Teknologi Hasil Pertanian
63,67,85,50,90,77,59,2,5,3,1,0,S1 Farmasi
66,71,84,61,69,70,62,1,3,1,4,0,S1 PGSD
64,89,79,64,70,62,56,2,3,1,5,0,S1 Pendidikan Bahasa Inggris
80,85,71,61,63,60,66,3,3,3,4,0,S1 Pendidikan Bahasa Inggris
83,66,71,51,64,68,91,2,1,5,3,0,S1 Akuntansi
86,65,72,64,61,52,95,1,1,4,1,0,S1 Akuntansi
66,64,94,64,57,57,62,3,3,2,2,1,S1 Studi Islam Interdisipliner
71,60,74,55,55,68,56,3,1,2,5,0,S1 PGSD
80,63,70,61,92,76,67,1,5,2,2,0,S1 Farmasi
70,64,83,59,54,58,84,1,2,5,3,0,S1 Manajemen
72,72,85,56,68,92,76,1,2,4,2,0,S1 Agribisnis
73,100,78,63,57,51,62,2,2,3,4,0,S1 Pendidikan Bahasa Inggris
62,90,75,54,56,59,64,3,3,1,5,0,S1 Pendidikan Bahasa Inggris
61,62,78,60,94,93,63,3,4,3,2,0,S1 Farmasi
89,62,82,61,69,54,95,1,3,5,3,0,S1 Manajemen
68,88,72,55,70,66,52,1,2,1,4,0,S1 Pendidikan Bahasa Inggris
80,75,82,50,58,68,87,1,3,4,1,0,S1 Akuntansi
87,67,76,51,66,57,94,2,1,5,1,0,S1 Akuntansi
79,63,71,56,93,77,66,2,5,3,3,0,S1 Farmasi
71,60,76,61,75,90,65,3,2,3,2,0,S1 Teknologi Hasil Pertanian
67,75,75,61,93,86,64,2,5,2,3,0,S1 Farmasi
74,87,84,55,56,56,51,1,2,1,4,0,S1 Pendidikan Bahasa Inggris
64,60,82,56,55,81,70,2,2,4,2,0,S1 Agribisnis
65,70,80,61,63,64,62,1,2,3,4,0,S1 PGSD
61,92,80,58,66,61,59,2,1,1,4,0,S1 Pendidikan Bahasa Inggris
70,66,77,65,56,53,59,1,2,2,5,0,S1 PGSD
90,81,82,54,53,66,51,5,2,1,3,0,S1 Informatika
78,62,76,65,81,70,67,5,2,3,1,0,S1 Teknologi Hasil Pertanian
64,66,74,55,57,65,55,3,2,2,4,0,S1 PGSD
68,63,81,61,54,56,55,3,2,3,5,0,S1 PGSD
84,78,76,80,66,61,57,4,1,3,1,0,S1 Teknik Elektro
72,70,93,56,60,64,62,2,3,3,2,0,S1 Studi Islam Interdisipliner
67,76,73,68,65,88,78,1,1,4,2,0,S1 Agribisnis
80,79,71,58,90,76,59,5,3,2,1,0,S1 Teknologi Hasil Pertanian
63,97,72,53,63,56,52,1,2,1,4,0,S1 Pendidikan Bahasa Inggris
78,67,80,92,54,70,58,4,3,2,2,0,S1 Teknik Elektro
76,96,81,52,59,59,63,1,2,2,5,0,S1 Pendidikan Bahasa Inggris
61,70,85,55,58,82,73,2,3,3,2,0,S1 Agribisnis
91,68,76,54,67,59,89,2,2,4,1,0,S1 Akuntansi
65,62,70,52,77,75,69,5,3,1,1,0,S1 Teknologi Hasil Pertanian
91,72,85,60,52,50,90,2,2,4,3,0,S1 Akuntansi
70,67,81,59,56,91,90,2,3,3,2,0,S1 Agribisnis
60,69,100,65,50,68,67,1,1,1,3,1,S1 Studi Islam Interdisipliner
80,78,80,64,80,87,68,4,1,3,2,0,S1 Teknologi Hasil Pertanian
67,76,82,57,74,83,64,4,3,2,1,0,S1 Teknologi Hasil Pertanian
60,77,75,51,89,78,53,1,4,3,2,0,S1 Farmasi
68,86,72,56,55,61,62,3,1,2,4,0,S1 Pendidikan Bahasa Inggris
73,62,79,51,99,88,57,2,5,1,2,0,S1 Farmasi
89,83,70,68,68,50,54,4,2,3,2,0,S1 Informatika
61,76,77,59,91,84,59,3,4,2,2,0,S1 Farmasi
73,60,96,65,69,53,70,1,1,2,2,1,S1 Studi Islam Interdisipliner
78,60,75,65,92,93,55,1,5,1,2,0,S1 Farmasi
72,74,74,58,68,58,96,1,3,5,3,0,S1 Manajemen
76,65,96,51,66,57,54,1,2,1,3,0,S1 Studi Islam Interdisipliner
70,72,74,51,59,67,98,1,3,5,1,0,S1 Manajemen
68,65,84,62,54,80,74,1,1,5,3,0,S1 Agribisnis
90,66,77,70,61,60,85,2,3,4,1,0,S1 Manajemen
77,64,84,63,57,94,70,3,2,5,1,0,S1 Agribisnis
75,80,76,57,58,55,92,1,3,5,1,0,S1 Manajemen
87,90,77,65,59,65,56,5,1,2,1,0,S1 Informatika
70,76,73,62,87,86,59,3,1,2,1,0,S1 Teknologi Hasil Pertanian
69,86,74,59,67,56,53,3,3,1,5,0,S1 Pendidikan Bahasa Inggris
64,72,75,52,61,64,56,1,3,2,5,0,S1 PGSD
76,85,80,67,60,59,70,2,1,2,5,0,S1 Pendidikan Bahasa Inggris
75,65,96,66,50,69,60,2,2,3,3,1,S1 Studi Islam Interdisipliner
80,70,100,53,52,61,54,2,3,1,3,1,S1 Studi Islam Interdisipliner
82,60,78,51,62,56,95,3,3,4,3,0,S1 Akuntansi
82,70,84,59,61,63,93,1,2,5,1,0,S1 Manajemen
69,76,76,59,61,83,88,3,3,4,1,0,S1 Agribisnis
98,90,75,69,60,51,55,5,2,2,1,0,S1 Informatika
64,96,73,55,65,53,60,2,2,2,5,0,S1 Pendidikan Bahasa Inggris
88,72,81,64,70,58,98,3,3,4,3,0,S1 Akuntansi
78,63,77,69,91,91,62,3,5,3,1,0,S1 Farmasi
71,75,79,59,89,80,59,4,2,1,1,0,S1 Teknologi Hasil Pertanian
88,78,73,63,57,58,94,3,3,5,3,0,S1 Akuntansi
81,66,72,99,61,51,57,5,3,1,2,0,S1 Teknik Elektro
80,73,76,94,56,70,66,4,3,1,1,0,S1 Teknik Elektro
93,62,85,85,59,64,63,4,3,3,2,0,S1 Teknik Elektro
77,65,78,50,58,63,64,1,2,1,5,0,S1 PGSD
82,70,79,52,68,54,99,1,3,5,1,0,S1 Akuntansi
63,64,74,65,55,53,61,3,1,1,4,0,S1 PGSD
88,74,84,64,51,61,99,1,1,4,1,0,S1 Akuntansi
60,62,73,55,90,84,53,3,5,3,3,0,S1 Farmasi
94,77,74,59,51,62,57,5,2,3,3,0,S1 Informatika
93,75,78,52,69,52,60,4,1,1,3,0,S1 Informatika
75,89,82,56,64,50,58,3,1,2,4,0,S1 Pendidikan Bahasa Inggris
62,86,82,60,59,61,61,2,1,3,4,0,S1 Pendidikan Bahasa Inggris
88,71,73,56,60,50,92,3,3,5,3,0,S1 Akuntansi
88,60,72,91,60,62,69,5,3,3,1,0,S1 Teknik Elektro
65,85,85,54,66,69,70,1,3,3,4,0,S1 Pendidikan Bahasa Inggris
91,77,85,59,59,59,69,5,3,3,2,0,S1 Informatika
71,80,85,62,88,79,63,3,2,1,2,0,S1 Teknologi Hasil Pertanian
77,74,78,84,66,70,66,5,3,2,1,0,S1 Teknik Elektro
76,72,83,51,52,79,74,2,1,3,2,0,S1 Agribisnis
76,66,80,87,69,67,64,4,3,3,2,0,S1 Teknik Elektro
87,78,71,56,61,57,57,5,3,1,2,0,S1 Informatika
75,71,80,53,51,68,69,3,2,3,4,0,S1 PGSD
74,92,83,50,64,57,51,1,2,1,4,0,S1 Pendidikan Bahasa Inggris
89,86,80,60,61,59,64,4,3,2,3,0,S1 Informatika
60,80,99,63,52,59,52,2,1,2,3,1,S1 Studi Islam Interdisipliner
90,79,72,93,69,66,53,4,1,1,2,0,S1 Teknik Elektro
73,68,71,68,89,85,65,5,3,2,3,0,S1 Teknologi Hasil Pertanian
62,73,78,52,52,62,58,1,1,3,5,0,S1 PGSD
90,63,81,65,68,68,80,2,3,4,1,0,S1 Manajemen
63,92,70,53,57,64,63,1,2,3,4,0,S1 Pendidikan Bahasa Inggris
63,61,92,50,60,60,60,1,3,3,2,1,S1 Studi Islam Interdisipliner
60,93,84,56,55,68,51,3,2,2,4,0,S1 Pendidikan Bahasa Inggris
64,63,93,70,56,51,70,3,3,3,1,1,S1 Studi Islam Interdisipliner
65,71,75,54,73,82,69,4,3,2,3,0,S1 Teknologi Hasil Pertanian
81,72,71,91,68,52,62,4,1,3,1,0,S1 Teknik Elektro
63,65,70,58,79,72,57,5,1,2,1,0,S1 Teknologi Hasil Pertanian
83,86,72,69,56,59,60,4,1,1,2,0,S1 Informatika
63,67,71,50,58,69,69,3,2,1,5,0,S1 PGSD
84,61,79,61,51,55,96,1,3,4,1,0,S1 Akuntansi
77,68,90,65,50,62,56,1,1,2,1,1,S1 Studi Islam Interdisipliner
83,75,81,94,59,51,52,4,1,1,2,0,S1 Teknik Elektro
78,68,99,52,63,70,56,1,2,1,1,1,S1 Studi Islam Interdisipliner
65,93,83,55,53,68,62,3,1,3,5,0,S1 Pendidikan Bahasa Inggris
68,75,75,50,62,75,75,2,1,4,3,0,S1 Agribisnis
73,99,78,52,60,51,50,2,1,1,5,0,S1 Pendidikan Bahasa Inggris
61,67,80,57,59,62,59,1,3,2,4,0,S1 PGSD
77,74,77,63,86,77,55,5,3,3,1,0,S1 Teknologi Hasil Pertanian
84,60,72,58,60,60,95,1,1,5,1,0,S1 Manajemen
90,66,84,88,64,53,52,4,3,1,2,0,S1 Teknik Elektro
90,78,82,52,57,66,63,5,2,1,1,0,S1 Informatika
74,85,79,54,58,66,58,3,2,3,4,0,S1 Pendidikan Bahasa Inggris
72,69,99,70,68,60,53,3,3,2,3,0,S1 Studi Islam Interdisipliner
82,60,84,97,65,58,55,4,1,3,3,0,S1 Teknik Elektro
77,64,85,51,86,70,70,5,1,1,1,0,S1 Teknologi Hasil Pertanian
61,67,73,53,90,88,52,1,4,2,1,0,S1 Farmasi
67,73,71,65,54,68,69,3,1,1,5,0,S1 PGSD
64,68,73,68,64,77,85,2,1,5,2,0,S1 Agribisnis
60,100,81,51,55,56,50,3,3,1,5,0,S1 Pendidikan Bahasa Inggris
67,74,85,57,69,82,71,3,1,3,1,0,S1 Agribisnis
85,67,83,61,62,60,95,3,3,4,2,0,S1 Akuntansi
85,69,82,55,64,65,85,3,2,5,1,0,S1 Akuntansi
80,62,83,54,83,86,57,4,1,3,2,0,S1 Teknologi Hasil Pertanian
76,79,80,59,67,67,89,2,2,5,3,0,S1 Manajemen
85,80,76,65,55,53,86,1,2,4,2,0,S1 Manajemen
77,72,93,70,59,52,54,2,1,2,1,1,S1 Studi Islam Interdisipliner
88,62,76,60,53,67,93,2,1,5,2,0,S1 Manajemen
77,73,85,68,87,87,62,3,5,1,1,0,S1 Farmasi
86,63,82,66,57,50,90,2,1,4,3,0,S1 Akuntansi
65,80,82,67,98,83,50,3,5,3,1,0,S1 Farmasi
62,76,85,52,79,83,65,5,2,2,3,0,S1 Teknologi Hasil Pertanian
80,67,80,66,96,93,54,1,5,3,1,0,S1 Farmasi
69,78,82,60,80,83,63,3,1,3,3,0,S1 Teknologi Hasil Pertanian
72,63,73,55,56,69,65,2,3,2,5,0,S1 PGSD
95,67,85,88,59,70,54,5,2,2,2,0,S1 Teknik Elektro
60,99,79,69,55,61,70,3,1,2,5,0,S1 Pendidikan Bahasa Inggris
94,75,72,63,60,53,87,1,3,4,1,0,S1 Akuntansi
79,70,70,96,65,65,50,5,3,2,1,0,S1 Teknik Elektro
88,77,72,61,51,55,56,5,3,2,3,0,S1 Informatika
95,62,79,85,53,67,64,4,3,2,1,0,S1 Teknik Elektro
82,71,80,83,62,56,62,4,2,3,1,0,S1 Teknik Elektro
77,75,84,53,70,55,88,1,2,4,3,0,S1 Manajemen
88,65,78,67,54,65,97,2,2,4,2,0,S1 Akuntansi
99,95,79,57,67,57,58,5,1,3,3,0,S1 Informatika
73,65,84,68,94,78,64,2,4,1,3,0,S1 Farmasi
80,91,77,62,60,56,61,1,3,3,5,0,S1 Pendidikan Bahasa Inggris
98,95,81,70,69,67,66,5,2,3,3,0,S1 Informatika
80,66,76,86,64,69,62,5,3,3,2,0,S1 Teknik Elektro
64,85,70,55,60,56,59,3,2,1,5,0,S1 Pendidikan Bahasa Inggris
60,76,92,60,60,51,70,3,2,1,2,0,S1 Studi Islam Interdisipliner
68,63,96,54,66,64,70,2,1,3,1,1,S1 Studi Islam Interdisipliner
64,79,80,61,51,77,81,2,1,3,1,0,S1 Agribisnis
66,74,85,68,68,83,90,1,2,4,1,0,S1 Agribisnis
73,76,80,65,65,51,52,3,3,2,5,0,S1 PGSD
62,96,84,62,50,50,69,3,2,1,5,0,S1 Pendidikan Bahasa Inggris
60,68,79,56,69,59,50,1,1,3,4,0,S1 PGSD
64,65,95,53,53,67,68,2,1,3,1,1,S1 Studi Islam Interdisipliner
67,79,70,61,65,63,56,3,1,1,5,0,S1 PGSD
88,77,74,57,56,59,67,4,3,2,2,0,S1 Informatika
75,63,75,60,72,82,59,4,1,1,2,0,S1 Teknologi Hasil Pertanian
62,73,84,57,61,70,66,3,1,1,4,0,S1 PGSD
87,72,82,70,61,56,93,3,1,5,3,0,S1 Akuntansi
86,95,75,70,56,59,67,5,2,3,3,0,S1 Informatika
91,74,84,93,63,63,70,5,1,3,1,0,S1 Teknik Elektro
79,64,93,51,61,58,66,3,1,1,3,1,S1 Studi Islam Interdisipliner
96,80,79,57,61,51,62,5,3,2,2,0,S1 Informatika
70,67,70,54,55,67,90,3,1,5,1,0,S1 Manajemen
85,72,83,85,64,69,66,5,2,3,3,0,S1 Teknik Elektro
92,62,80,59,70,61,87,1,1,5,1,0,S1 Akuntansi
93,74,81,52,65,52,90,3,1,4,2,0,S1 Akuntansi
86,64,83,52,52,62,95,3,2,5,1,0,S1 Akuntansi
71,70,97,50,63,51,55,3,1,3,1,1,S1 Studi Islam Interdisipliner
89,63,77,66,62,66,97,2,2,4,3,0,S1 Manajemen
77,63,72,65,52,59,62,1,1,3,4,0,S1 PGSD
63,95,72,68,68,63,53,2,3,1,4,0,S1 Pendidikan Bahasa Inggris
89,77,79,88,53,70,57,5,1,1,2,0,S1 Teknik Elektro
66,90,75,59,59,57,64,1,2,3,4,0,S1 Pendidikan Bahasa Inggris
69,69,96,69,70,63,60,1,3,2,2,1,S1 Studi Islam Interdisipliner
74,79,90,58,68,65,50,3,3,1,1,1,S1 Studi Islam Interdisipliner
78,65,81,60,69,52,92,1,1,4,1,0,S1 Manajemen
71,72,71,67,92,87,59,1,5,3,3,0,S1 Farmasi
77,88,83,56,58,59,52,1,3,2,4,0,S1 Pendidikan Bahasa Inggris
71,63,77,56,63,87,83,1,3,5,1,0,S1 Agribisnis
78,90,82,59,61,56,67,1,1,2,4,0,S1 Pendidikan Bahasa Inggris
95,62,77,83,51,50,60,4,2,2,2,0,S1 Teknik Elektro
81,79,72,84,50,61,56,5,3,2,3,0,S1 Teknik Elektro
70,74,91,57,63,59,62,3,2,1,3,0,S1 Studi Islam Interdisipliner
98,79,71,55,60,63,66,4,2,1,1,0,S1 Informatika
69,64,93,59,60,62,51,2,3,2,3,0,S1 Studi Islam Interdisipliner
62,77,81,56,67,87,85,1,3,5,2,0,S1 Agribisnis
75,65,75,63,67,54,89,3,1,5,1,0,S1 Manajemen
71,72,74,55,97,95,52,3,4,1,2,0,S1 Farmasi
74,63,91,58,65,67,61,3,2,2,3,1,S1 Studi Islam Interdisipliner
71,73,75,62,67,83,90,2,2,3,2,0,S1 Agribisnis
75,100,74,52,59,68,66,1,1,2,4,0,S1 Pendidikan Bahasa Inggris
92,78,84,87,55,64,64,4,3,1,3,0,S1 Teknik Elektro
83,79,84,57,52,59,97,3,3,4,1,0,S1 Manajemen
71,65,85,59,56,94,79,2,2,4,3,0,S1 Agribisnis
80,62,79,69,66,52,93,2,2,5,2,0,S1 Akuntansi
85,90,85,60,57,60,55,4,2,3,3,0,S1 Informatika
77,75,80,70,99,94,61,3,4,1,3,0,S1 Farmasi
87,70,80,56,53,55,88,3,2,4,3,0,S1 Akuntansi
74,71,79,61,53,67,87,1,3,4,2,0,S1 Manajemen
69,73,74,61,53,50,67,1,2,2,5,0,S1 PGSD
70,76,85,52,57,90,89,1,1,4,3,0,S1 Agribisnis
94,78,78,85,56,57,52,5,3,1,3,0,S1 Teknik Elektro
72,70,81,54,59,78,88,1,1,4,3,0,S1 Agribisnis
85,86,79,55,58,56,55,5,1,1,1,0,S1 Informatika
78,76,79,57,88,93,65,3,5,3,2,0,S1 Farmasi
70,78,73,52,84,70,66,4,3,2,1,0,S1 Teknologi Hasil Pertanian
96,91,70,69,67,69,51,4,1,2,2,0,S1 Informatika
60,60,84,65,60,94,82,3,2,4,2,0,S1 Agribisnis
69,97,70,69,58,63,52,3,2,2,4,0,S1 Pendidikan Bahasa Inggris
60,73,75,55,69,56,65,3,3,1,4,0,S1 PGSD
77,75,90,62,63,61,70,2,1,3,2,1,S1 Studi Islam Interdisipliner
71,62,84,69,61,50,68,2,3,2,5,0,S1 PGSD
62,74,77,66,70,89,51,3,2,1,1,0,S1 Teknologi Hasil Pertanian
73,61,73,65,50,55,87,1,1,4,2,0,S1 Manajemen
79,62,85,52,69,54,86,1,1,4,1,0,S1 Manajemen
84,67,84,56,65,68,92,3,3,4,3,0,S1 Akuntansi
76,63,84,85,51,60,51,5,1,1,1,0,S1 Teknik Elektro
66,69,74,56,55,55,61,3,2,3,4,0,S1 PGSD
65,95,85,53,68,56,66,3,3,2,4,0,S1 Pendidikan Bahasa Inggris
86,69,73,95,54,68,69,4,3,2,2,0,S1 Teknik Elektro
68,88,72,64,57,55,70,1,1,1,5,0,S1 Pendidikan Bahasa Inggris
66,95,73,62,50,58,57,2,2,3,5,0,S1 Pendidikan Bahasa Inggris
77,79,75,59,82,72,57,5,2,2,2,0,S1 Teknologi Hasil Pertanian
64,91,72,57,54,66,68,2,3,2,4,0,S1 Pendidikan Bahasa Inggris
74,72,90,63,65,60,54,1,3,2,2,1,S1 Studi Islam Interdisipliner
77,65,84,56,56,82,86,2,2,3,1,0,S1 Agribisnis
71,100,85,67,59,60,57,3,1,3,4,0,S1 Pendidikan Bahasa Inggris
80,80,96,52,53,50,67,1,2,2,3,1,S1 Studi Islam Interdisipliner
82,82,79,59,70,67,65,5,3,1,2,0,S1 Informatika
67,65,78,50,57,69,59,1,1,1,4,0,S1 PGSD
73,74,83,53,87,76,59,3,5,2,3,0,S1 Farmasi
62,66,79,56,77,87,53,5,3,1,3,0,S1 Teknologi Hasil Pertanian
71,74,77,61,78,85,59,3,1,2,2,0,S1 Teknologi Hasil Pertanian
79,68,94,51,62,56,50,3,3,3,2,1,S1 Studi Islam Interdisipliner
74,63,75,56,97,95,53,3,5,2,2,0,S1 Farmasi
67,66,70,65,90,79,67,2,4,2,1,0,S1 Farmasi
78,73,81,70,75,87,54,3,1,2,1,0,S1 Teknologi Hasil Pertanian
83,67,77,70,57,68,95,3,2,5,1,0,S1 Manajemen
84,69,74,63,52,56,81,3,1,5,1,0,S1 Manajemen
70,66,70,60,98,87,60,2,5,3,2,0,S1 Farmasi
87,75,78,61,65,64,96,2,1,4,1,0,S1 Akuntansi
68,60,71,55,94,95,50,1,4,2,2,0,S1 Farmasi
98,76,70,60,65,68,52,4,2,3,3,0,S1 Informatika
81,71,75,82,61,59,50,4,3,2,1,0,S1 Teknik Elektro
91,71,79,64,52,65,92,1,1,5,3,0,S1 Akuntansi
66,77,84,69,93,82,60,2,5,2,1,0,S1 Farmasi
62,66,93,55,64,51,57,3,1,3,2,0,S1 Studi Islam Interdisipliner
91,69,77,70,69,52,98,3,1,5,1,0,S1 Akuntansi
62,73,75,62,90,81,63,5,1,2,1,0,S1 Teknologi Hasil Pertanian
74,97,78,59,62,52,65,1,3,2,5,0,S1 Pendidikan Bahasa Inggris
61,77,82,64,58,66,63,1,2,3,5,0,S1 PGSD
71,76,77,66,65,66,66,3,3,1,4,0,S1 PGSD
68,67,75,59,54,83,72,1,2,3,3,0,S1 Agribisnis
66,96,75,52,54,50,62,2,2,1,4,0,S1 Pendidikan Bahasa Inggris
88,74,74,58,63,63,81,1,1,4,1,0,S1 Manajemen
68,78,73,62,82,83,62,3,3,1,1,0,S1 Teknologi Hasil Pertanian
69,70,71,63,88,89,58,1,5,2,2,0,S1 Farmasi
77,63,73,54,54,68,58,1,1,3,5,0,S1 PGSD
65,91,72,54,51,50,66,1,3,1,4,0,S1 Pendidikan Bahasa Inggris
78,76,73,58,58,69,56,3,1,1,4,0,S1 PGSD
74,61,74,70,79,85,69,4,3,1,1,0,S1 Teknologi Hasil Pertanian
77,70,81,68,52,79,90,2,3,5,2,0,S1 Agribisnis
69,67,78,56,68,58,60,2,3,1,4,0,S1 PGSD
75,95,76,54,65,52,53,3,3,2,4,0,S1 Pendidikan Bahasa Inggris
79,70,99,50,62,50,59,1,2,2,2,1,S1 Studi Islam Interdisipliner
74,69,93,56,62,51,55,1,1,3,2,0,S1 Studi Islam Interdisipliner
65,96,82,65,61,65,58,3,3,1,5,0,S1 Pendidikan Bahasa Inggris
87,71,85,90,53,56,57,4,3,2,3,0,S1 Teknik Elektro
75,99,82,62,64,69,65,3,3,1,5,0,S1 Pendidikan Bahasa Inggris
60,67,92,55,62,66,65,1,2,1,2,1,S1 Studi Islam Interdisipliner
75,78,74,61,62,83,72,3,1,5,1,0,S1 Agribisnis
66,66,84,56,87,95,54,1,5,1,2,0,S1 Farmasi
60,85,79,61,63,51,53,1,1,2,4,0,S1 Pendidikan Bahasa Inggris
76,60,78,61,51,61,67,3,2,3,5,0,S1 PGSD
